doctor_id,first_name,last_name,specialization,contact_number,email
0001,James,Smith,Cardiology,5551234567,james.smith@hospital.org
0002,Maria,Johnson,Neurology,5552345678,maria.johnson@hospital.org
0003,Robert,Williams,Orthopedics,5553456789,robert.williams@hospital.org
0004,Sarah,Brown,Pediatrics,5554567890,sarah.brown@hospital.org
0005,Michael,Jones,Oncology,5555678901,michael.jones@hospital.org
0006,Jennifer,Garcia,Dermatology,5556789012,jennifer.garcia@hospital.org
0007,David,Miller,Cardiology,5557890123,david.miller@hospital.org
0008,Lisa,Davis,Gastroenterology,5558901234,lisa.davis@hospital.org
0009,Thomas,Rodriguez,Urology,5559012345,thomas.rodriguez@hospital.org
0010,Elizabeth,Martinez,Neurology,5550123456,elizabeth.martinez@hospital.org
0011,John,Hernandez,Endocrinology,5551230987,john.hernandez@hospital.org
0012,Patricia,Lopez,Psychiatry,5552341098,patricia.lopez@hospital.org
0013,Christopher,Gonzalez,Rheumatology,5553452109,christopher.gonzalez@hospital.org
0014,Nancy,Wilson,Pulmonology,5554563210,nancy.wilson@hospital.org
0015,Daniel,Anderson,Nephrology,5555674321,daniel.anderson@hospital.org
0016,Karen,Thomas,Ophthalmology,5556785432,karen.thomas@hospital.org
0017,Matthew,Taylor,Cardiology,5557896543,matthew.taylor@hospital.org
0018,Betty,Moore,Orthopedics,5558907654,betty.moore@hospital.org
0019,Anthony,Jackson,Neurology,5559018765,anthony.jackson@hospital.org
0020,Dorothy,Martin,Pediatrics,5550129876,dorothy.martin@hospital.org
0021,Donald,Lee,Oncology,5551238765,donald.lee@hospital.org
0022,Sandra,Perez,Dermatology,5552349876,sandra.perez@hospital.org
0023,Kevin,Thompson,Cardiology,5553450987,kevin.thompson@hospital.org
0024,Ashley,White,Gastroenterology,5554561098,ashley.white@hospital.org
0025,Steven,Harris,Urology,5555672109,steven.harris@hospital.org
0026,Margaret,Sanchez,Neurology,5556783210,margaret.sanchez@hospital.org
0027,Edward,Clark,Endocrinology,5557894321,edward.clark@hospital.org
0028,Emily,Ramirez,Psychiatry,5558905432,emily.ramirez@hospital.org
0029,Brian,Lewis,Rheumatology,5559016543,brian.lewis@hospital.org
0030,Deborah,Robinson,Pulmonology,5550127654,deborah.robinson@hospital.org
0031,Ronald,Walker,Nephrology,5551238765,ronald.walker@hospital.org
0032,Melissa,Young,Ophthalmology,5552349876,melissa.young@hospital.org
0033,Gary,Allen,Cardiology,5553450987,gary.allen@hospital.org
0034,Amanda,King,Orthopedics,5554561098,amanda.king@hospital.org
0035,Timothy,Wright,Neurology,5555672109,timothy.wright@hospital.org
0036,Helen,Scott,Pediatrics,5556783210,helen.scott@hospital.org
0037,Jason,Torres,Oncology,5557894321,jason.torres@hospital.org
0038,Nicole,Nguyen,Dermatology,5558905432,nicole.nguyen@hospital.org
0039,Jeffrey,Hill,Cardiology,5559016543,jeffrey.hill@hospital.org
0040,Kathleen,Flores,Gastroenterology,5550127654,kathleen.flores@hospital.org
0041,Ryan,Green,Urology,5551238765,ryan.green@hospital.org
0042,Pamela,Adams,Neurology,5552349876,pamela.adams@hospital.org
0043,Jacob,Nelson,Endocrinology,5553450987,jacob.nelson@hospital.org
0044,Stephanie,Baker,Psychiatry,5554561098,stephanie.baker@hospital.org
0045,Eric,Rivera,Rheumatology,5555672109,eric.rivera@hospital.org
0046,Debra,Campbell,Pulmonology,5556783210,debra.campbell@hospital.org
0047,Joshua,Mitchell,Nephrology,5557894321,joshua.mitchell@hospital.org
0048,Rebecca,Carter,Ophthalmology,5558905432,rebecca.carter@hospital.org
0049,George,Roberts,Cardiology,5559016543,george.roberts@hospital.org
0050,Laura,Gomez,Orthopedics,5550127654,laura.gomez@hospital.org
0051,Mark,Phillips,Neurology,5551238765,mark.phillips@hospital.org
0052,Cynthia,Evans,Pediatrics,5552349876,cynthia.evans@hospital.org
0053,Andrew,Turner,Oncology,5553450987,andrew.turner@hospital.org
0054,Kathleen,Diaz,Dermatology,5554561098,kathleen.diaz@hospital.org
0055,Kenneth,Parker,Cardiology,5555672109,kenneth.parker@hospital.org
0056,Amy,Cruz,Gastroenterology,5556783210,amy.cruz@hospital.org
0057,Paul,Edwards,Urology,5557894321,paul.edwards@hospital.org
0058,Shirley,Collins,Neurology,5558905432,shirley.collins@hospital.org
0059,Stephen,Reyes,Endocrinology,5559016543,stephen.reyes@hospital.org
0060,Carol,Stewart,Psychiatry,5550127654,carol.stewart@hospital.org
0061,Jerry,Morris,Rheumatology,5551238765,jerry.morris@hospital.org
0062,Angela,Morales,Pulmonology,5552349876,angela.morales@hospital.org
0063,Gregory,Murphy,Nephrology,5553450987,gregory.murphy@hospital.org
0064,Virginia,Cook,Ophthalmology,5554561098,virginia.cook@hospital.org
0065,Larry,Rogers,Cardiology,5555672109,larry.rogers@hospital.org
0066,Brenda,Gutierrez,Orthopedics,5556783210,brenda.gutierrez@hospital.org
0067,Peter,Ortiz,Neurology,5557894321,peter.ortiz@hospital.org
0068,Sharon,Morgan,Pediatrics,5558905432,sharon.morgan@hospital.org
0069,Raymond,Cooper,Oncology,5559016543,raymond.cooper@hospital.org
0070,Denise,Peterson,Dermatology,5550127654,denise.peterson@hospital.org
0071,Patrick,Bailey,Cardiology,5551238765,patrick.bailey@hospital.org
0072,Michelle,Reed,Gastroenterology,5552349876,michelle.reed@hospital.org
0073,Dennis,Kelly,Urology,5553450987,dennis.kelly@hospital.org
0074,Ruth,Howard,Neurology,5554561098,ruth.howard@hospital.org
0075,Frank,Ramos,Endocrinology,5555672109,frank.ramos@hospital.org
0076,Christina,Kim,Psychiatry,5556783210,christina.kim@hospital.org
0077,Scott,Cox,Rheumatology,5557894321,scott.cox@hospital.org
0078,Catherine,Ward,Pulmonology,5558905432,catherine.ward@hospital.org
0079,Johnny,Richardson,Nephrology,5559016543,johnny.richardson@hospital.org
0080,Janice,Watson,Ophthalmology,5550127654,janice.watson@hospital.org
0081,Benjamin,Brooks,Cardiology,5551238765,benjamin.brooks@hospital.org
0082,Judy,Chavez,Orthopedics,5552349876,judy.chavez@hospital.org
0083,Wayne,Wood,Neurology,5553450987,wayne.wood@hospital.org
0084,Ann,James,Pediatrics,5554561098,ann.james@hospital.org
0085,Jonathan,Bennett,Oncology,5555672109,jonathan.bennett@hospital.org
0086,Jean,Gray,Dermatology,5556783210,jean.gray@hospital.org
0087,Joe,Mendoza,Cardiology,5557894321,joe.mendoza@hospital.org
0088,Evelyn,Ruiz,Gastroenterology,5558905432,evelyn.ruiz@hospital.org
0089,Nicholas,Hughes,Urology,5559016543,nicholas.hughes@hospital.org
0090,Cheryl,Price,Neurology,5550127654,cheryl.price@hospital.org
0091,Samuel,Alvarez,Endocrinology,5551238765,samuel.alvarez@hospital.org
0092,Lori,Castillo,Psychiatry,5552349876,lori.castillo@hospital.org
0093,Jeremy,Sanders,Rheumatology,5553450987,jeremy.sanders@hospital.org
0094,Martha,Patel,Pulmonology,5554561098,martha.patel@hospital.org
0095,Gerald,Myers,Nephrology,5555672109,gerald.myers@hospital.org
0096,Rachel,Long,Ophthalmology,5556783210,rachel.long@hospital.org
0097,Keith,Foster,Cardiology,5557894321,keith.foster@hospital.org
0098,Joyce,Ross,Orthopedics,5558905432,joyce.ross@hospital.org
0099,Terry,Bennet,Neurology,5559016543,terry.bennet@hospital.org
0100,Christina,Russell,Pediatrics,5550127654,christina.russell@hospital.org
0101,Jesse,Olson,Oncology,5551238765,jesse.olson@hospital.org
0102,Maria,Sullivan,Dermatology,5552349876,maria.sullivan@hospital.org
0103,Ralph,Fernandez,Cardiology,5553450987,ralph.fernandez@hospital.org
0104,Diane,Stephens,Gastroenterology,5554561098,diane.stephens@hospital.org
0105,Roy,Gardner,Urology,5555672109,roy.gardner@hospital.org
0106,Julie,Payne,Neurology,5556783210,julie.payne@hospital.org
0107,Travis,Pierce,Endocrinology,5557894321,travis.pierce@hospital.org
0108,Frances,Grant,Psychiatry,5558905432,frances.grant@hospital.org
0109,Todd,Daniels,Rheumatology,5559016543,todd.daniels@hospital.org
0110,Gloria,Medina,Pulmonology,5550127654,gloria.medina@hospital.org
0111,Brandon,Schneider,Nephrology,5551238765,brandon.schneider@hospital.org
0112,Judith,Herrera,Ophthalmology,5552349876,judith.herrera@hospital.org
0113,Philip,Henry,Cardiology,5553450987,philip.henry@hospital.org
0114,Alice,Vargas,Orthopedics,5554561098,alice.vargas@hospital.org
0115,Alan,Wheeler,Neurology,5555672109,alan.wheeler@hospital.org
0116,Sara,Lin,Pediatrics,5556783210,sara.lin@hospital.org
0117,Kyle,Vasquez,Oncology,5557894321,kyle.vasquez@hospital.org
0118,Doris,Hammond,Dermatology,5558905432,doris.hammond@hospital.org
0119,Walter,Wagner,Cardiology,5559016543,walter.wagner@hospital.org
0120,Marilyn,Keller,Gastroenterology,5550127654,marilyn.keller@hospital.org
0121,Noah,Ferguson,Urology,5551238765,noah.ferguson@hospital.org
0122,Beverly,Walters,Neurology,5552349876,beverly.walters@hospital.org
0123,Lawrence,Graham,Endocrinology,5553450987,lawrence.graham@hospital.org
0124,Emma,Williamson,Psychiatry,5554561098,emma.williamson@hospital.org
0125,Justin,Pena,Rheumatology,5555672109,justin.pena@hospital.org
0126,Mildred,Hoffman,Pulmonology,5556783210,mildred.hoffman@hospital.org
0127,Carlos,Shah,Nephrology,5557894321,carlos.shah@hospital.org
0128,Heather,Stone,Ophthalmology,5558905432,heather.stone@hospital.org
0129,Harry,Delgado,Cardiology,5559016543,harry.delgado@hospital.org
0130,Grace,Zhang,Orthopedics,5550127654,grace.zhang@hospital.org
0131,Aaron,Friedman,Neurology,5551238765,aaron.friedman@hospital.org
0132,Danielle,McCarthy,Pediatrics,5552349876,danielle.mccarthy@hospital.org
0133,Jose,Barker,Oncology,5553450987,jose.barker@hospital.org
0134,Donna,Guzman,Dermatology,5554561098,donna.guzman@hospital.org
0135,Adam,Walton,Cardiology,5555672109,adam.walton@hospital.org
0136,Kathryn,Cross,Gastroenterology,5556783210,kathryn.cross@hospital.org
0137,Nathan,Becker,Urology,5557894321,nathan.becker@hospital.org
0138,Diana,Briggs,Neurology,5558905432,diana.briggs@hospital.org
0139,Craig,Cortez,Endocrinology,5559016543,craig.cortez@hospital.org
0140,Theresa,Chan,Psychiatry,5550127654,theresa.chan@hospital.org
0141,Victor,Zimmerman,Rheumatology,5551238765,victor.zimmerman@hospital.org
0142,Madison,Owens,Pulmonology,5552349876,madison.owens@hospital.org
0143,Christian,Dixon,Nephrology,5553450987,christian.dixon@hospital.org
0144,Jackie,Kumar,Ophthalmology,5554561098,jackie.kumar@hospital.org
0145,Zachary,Watkins,Cardiology,5555672109,zachary.watkins@hospital.org
0146,Olivia,Caldwell,Orthopedics,5556783210,olivia.caldwell@hospital.org
0147,Bruce,Gill,Neurology,5557894321,bruce.gill@hospital.org
0148,Eva,Black,Pediatrics,5558905432,eva.black@hospital.org
0149,Richard,Mejia,Oncology,5559016543,richard.mejia@hospital.org
0150,Sophie,Pearson,Dermatology,5550127654,sophie.pearson@hospital.org
0151,Ethan,Simmons,Cardiology,5551238765,ethan.simmons@hospital.org
0152,Pamela,Holland,Gastroenterology,5552349876,pamela.holland@hospital.org
0153,Martin,Boyd,Urology,5553450987,martin.boyd@hospital.org
0154,Tina,Schwartz,Neurology,5554561098,tina.schwartz@hospital.org
0155,Sean,Crawford,Endocrinology,5555672109,sean.crawford@hospital.org
0156,Janet,Fisher,Psychiatry,5556783210,janet.fisher@hospital.org
0157,Brad,Bates,Rheumatology,5557894321,brad.bates@hospital.org
0158,Monica,Maldonado,Pulmonology,5558905432,monica.maldonado@hospital.org
0159,Caleb,Benson,Nephrology,5559016543,caleb.benson@hospital.org
0160,Teresa,Nichols,Ophthalmology,5550127654,teresa.nichols@hospital.org
0161,Seth,Moon,Cardiology,5551238765,seth.moon@hospital.org
0162,Paula,Weiss,Orthopedics,5552349876,paula.weiss@hospital.org
0163,Howard,Quinn,Neurology,5553450987,howard.quinn@hospital.org
0164,Charlotte,Yates,Pediatrics,5554561098,charlotte.yates@hospital.org
0165,Austin,Burgess,Oncology,5555672109,austin.burgess@hospital.org
0166,Phyllis,Hodges,Dermatology,5556783210,phyllis.hodges@hospital.org
0167,Bradley,Tran,Cardiology,5557894321,bradley.tran@hospital.org
0168,Connie,Goodman,Gastroenterology,5558905432,connie.goodman@hospital.org
0169,Leroy,Daniel,Urology,5559016543,leroy.daniel@hospital.org
0170,Tracy,Simon,Neurology,5550127654,tracy.simon@hospital.org
0171,Juan,Maxwell,Endocrinology,5551238765,juan.maxwell@hospital.org
0172,Caroline,Waters,Psychiatry,5552349876,caroline.waters@hospital.org
0173,Albert,Gilbert,Rheumatology,5553450987,albert.gilbert@hospital.org
0174,Rhonda,Welch,Pulmonology,5554561098,rhonda.welch@hospital.org
0175,Vincent,Larson,Nephrology,5555672109,vincent.larson@hospital.org
0176,Lauren,George,Ophthalmology,5556783210,lauren.george@hospital.org
0177,Douglas,Lucas,Cardiology,5557894321,douglas.lucas@hospital.org
0178,Sheila,Norman,Orthopedics,5558905432,sheila.norman@hospital.org
0179,Logan,Mann,Neurology,5559016543,logan.mann@hospital.org
0180,Peggy,Harmon,Pediatrics,5550127654,peggy.harmon@hospital.org
0181,Shane,Rodgers,Oncology,5551238765,shane.rodgers@hospital.org
0182,Gladys,Lowe,Dermatology,5552349876,gladys.lowe@hospital.org
0183,Maurice,Hogan,Cardiology,5553450987,maurice.hogan@hospital.org
0184,Beth,Contreras,Gastroenterology,5554561098,beth.contreras@hospital.org
0185,Francis,Klein,Urology,5555672109,francis.klein@hospital.org
0186,Tiffany,Haynes,Neurology,5556783210,tiffany.haynes@hospital.org
0187,Jeremiah,Davidson,Endocrinology,5557894321,jeremiah.davidson@hospital.org
0188,Victoria,Mckenzie,Psychiatry,5558905432,victoria.mckenzie@hospital.org
0189,Russell,Dawson,Rheumatology,5559016543,russell.dawson@hospital.org
0190,Katie,Ball,Pulmonology,5550127654,katie.ball@hospital.org
0191,Luke,Walsh,Nephrology,5551238765,luke.walsh@hospital.org
0192,Bonnie,Mcdaniel,Ophthalmology,5552349876,bonnie.mcdaniel@hospital.org
0193,Tony,Brock,Cardiology,5553450987,tony.brock@hospital.org
0194,Joanne,Lindsey,Orthopedics,5554561098,joanne.lindsey@hospital.org
0195,Dylan,Parks,Neurology,5555672109,dylan.parks@hospital.org
0196,Kelly,Mccall,Pediatrics,5556783210,kelly.mccall@hospital.org
0197,Shaun,Shannon,Oncology,5557894321,shaun.shannon@hospital.org
0198,Natalie,Espinoza,Dermatology,5558905432,natalie.espinoza@hospital.org
0199,Gordon,Fletcher,Cardiology,5559016543,gordon.fletcher@hospital.org
0200,Ellen,Hubbard,Gastroenterology,5550127654,ellen.hubbard@hospital.org
0201,Lance,Underwood,Urology,5551238765,lance.underwood@hospital.org
0202,Cassandra,Horton,Neurology,5552349876,cassandra.horton@hospital.org
0203,Jesus,Duncan,Endocrinology,5553450987,jesus.duncan@hospital.org
0204,Brooke,Carson,Psychiatry,5554561098,brooke.carson@hospital.org
0205,Curtis,Wilkins,Rheumatology,5555672109,curtis.wilkins@hospital.org
0206,Rose,Christensen,Pulmonology,5556783210,rose.christensen@hospital.org
0207,Jaime,Manning,Nephrology,5557894321,jaime.manning@hospital.org
0208,Molly,Sharp,Ophthalmology,5558905432,molly.sharp@hospital.org
0209,Oscar,Hardy,Cardiology,5559016543,oscar.hardy@hospital.org
0210,Regina,Mcintyre,Orthopedics,5550127654,regina.mcintyre@hospital.org
0211,Bobby,Hurst,Neurology,5551238765,bobby.hurst@hospital.org
0212,Wendy,Conner,Pediatrics,5552349876,wendy.conner@hospital.org
0213,Randall,Weaver,Oncology,5553450987,randall.weaver@hospital.org
0214,Claire,Wilkinson,Dermatology,5554561098,claire.wilkinson@hospital.org
0215,Maurice,Lyons,Cardiology,5555672109,maurice.lyons@hospital.org
0216,Maureen,Cobb,Gastroenterology,5556783210,maureen.cobb@hospital.org
0217,Charlie,Johns,Urology,5557894321,charlie.johns@hospital.org
0218,Sherry,Macias,Neurology,5558905432,sherry.macias@hospital.org
0219,Brent,Burnett,Endocrinology,5559016543,brent.burnett@hospital.org
0220,Carla,Atkins,Psychiatry,5550127654,carla.atkins@hospital.org
0221,Derek,Lamb,Rheumatology,5551238765,derek.lamb@hospital.org
0222,Melinda,Dennis,Pulmonology,5552349876,melinda.dennis@hospital.org
0223,Rodney,Mcgee,Nephrology,5553450987,rodney.mcgee@hospital.org
0224,Tonya,Hancock,Ophthalmology,5554561098,tonya.hancock@hospital.org
0225,Barry,Wise,Cardiology,5555672109,barry.wise@hospital.org
0226,Audrey,Gallagher,Orthopedics,5556783210,audrey.gallagher@hospital.org
0227,Darren,Snow,Neurology,5557894321,darren.snow@hospital.org
0228,Glenda,Cummings,Pediatrics,5558905432,glenda.cummings@hospital.org
0229,Arthur,Ramsey,Oncology,5559016543,arthur.ramsey@hospital.org
0230,Krystal,Buchanan,Dermatology,5550127654,krystal.buchanan@hospital.org
0231,Clifford,Copeland,Cardiology,5551238765,clifford.copeland@hospital.org
0232,Lynn,Dudley,Gastroenterology,5552349876,lynn.dudley@hospital.org
0233,Angelo,Doyle,Urology,5553450987,angelo.doyle@hospital.org
0234,Melanie,Wiggins,Neurology,5554561098,melanie.wiggins@hospital.org
0235,Clifton,Blevins,Endocrinology,5555672109,clifton.blevins@hospital.org
0236,Nina,Farrell,Psychiatry,5556783210,nina.farrell@hospital.org
0237,Dwayne,Lara,Rheumatology,5557894321,dwayne.lara@hospital.org
0238,Sherri,Michael,Pulmonology,5558905432,sherri.michael@hospital.org
0239,Julian,Bush,Nephrology,5559016543,julian.bush@hospital.org
0240,Marcia,Clayton,Ophthalmology,5550127654,marcia.clayton@hospital.org
0241,Lonnie,Barton,Cardiology,5551238765,lonnie.barton@hospital.org
0242,Jill,Lambert,Orthopedics,5552349876,jill.lambert@hospital.org
0243,Alfredo,Santiago,Neurology,5553450987,alfredo.santiago@hospital.org
0244,Allison,Merritt,Pediatrics,5554561098,allison.merritt@hospital.org
0245,Angelo,Wyatt,Oncology,5555672109,angelo.wyatt@hospital.org
0246,Jennifer,Mcfarland,Dermatology,5556783210,jennifer.mcfarland@hospital.org
0247,Lamar,Collier,Cardiology,5557894321,lamar.collier@hospital.org
0248,Kristy,Meadows,Gastroenterology,5558905432,kristy.meadows@hospital.org
0249,Jonathon,Moran,Urology,5559016543,jonathon.moran@hospital.org
0250,Jeanette,Haley,Neurology,5550127654,jeanette.haley@hospital.org
0251,Gilbert,Sparks,Endocrinology,5551238765,gilbert.sparks@hospital.org
0252,Charlene,Dillon,Psychiatry,5552349876,charlene.dillon@hospital.org
0253,Antonio,Berg,Rheumatology,5553450987,antonio.berg@hospital.org
0254,April,Navarro,Pulmonology,5554561098,april.navarro@hospital.org
0255,Reginald,Vega,Nephrology,5555672109,reginald.vega@hospital.org
0256,Courtney,Mckay,Ophthalmology,5556783210,courtney.mckay@hospital.org
0257,Neil,Osborne,Cardiology,5557894321,neil.osborne@hospital.org
0258,Kristina,Whitehead,Orthopedics,5558905432,kristina.whitehead@hospital.org
0259,Orlando,Barnett,Neurology,5559016543,orlando.barnett@hospital.org
0260,Erin,Walls,Pediatrics,5550127654,erin.walls@hospital.org
0261,Terrence,Flowers,Oncology,5551238765,terrence.flowers@hospital.org
0262,Joann,Hickman,Dermatology,5552349876,joann.hickman@hospital.org
0263,Lee,Pace,Cardiology,5553450987,lee.pace@hospital.org
0264,Colleen,Holden,Gastroenterology,5554561098,colleen.holden@hospital.org
0265,Tyrone,Beard,Urology,5555672109,tyrone.beard@hospital.org
0266,Darlene,Mcclain,Neurology,5556783210,darlene.mcclain@hospital.org
0267,Tommy,Houston,Endocrinology,5557894321,tommy.houston@hospital.org
0268,Stacy,Keith,Psychiatry,5558905432,stacy.keith@hospital.org
0269,Alvin,Shields,Rheumatology,5559016543,alvin.shields@hospital.org
0270,Jan,Koch,Pulmonology,5550127654,jan.koch@hospital.org
0271,Ruben,Mathis,Nephrology,5551238765,ruben.mathis@hospital.org
0272,Loretta,Heath,Ophthalmology,5552349876,loretta.heath@hospital.org
0273,Harvey,Kirby,Cardiology,5553450987,harvey.kirby@hospital.org
0274,Dana,Richmond,Orthopedics,5554561098,dana.richmond@hospital.org
0275,Armando,Blair,Neurology,5555672109,armando.blair@hospital.org
0276,Leslie,Holmes,Pediatrics,5556783210,leslie.holmes@hospital.org
0277,Darrel,Duke,Oncology,5557894321,darrel.duke@hospital.org
0278,Veronica,Terrell,Dermatology,5558905432,veronica.terrell@hospital.org
0279,Rex,Mcguire,Cardiology,5559016543,rex.mcguire@hospital.org
0280,Carrie,Winters,Gastroenterology,5550127654,carrie.winters@hospital.org
0281,Lance,Kent,Urology,5551238765,lance.kent@hospital.org
0282,Holly,Nielsen,Neurology,5552349876,holly.nielsen@hospital.org
0283,Perry,Compton,Endocrinology,5553450987,perry.compton@hospital.org
0284,Valerie,Stein,Psychiatry,5554561098,valerie.stein@hospital.org
0285,Cecil,Bauer,Rheumatology,5555672109,cecil.bauer@hospital.org
0286,Lucy,Oneal,Pulmonology,5556783210,lucy.oneal@hospital.org
0287,Marlon,McBride,Nephrology,5557894321,marlon.mcbride@hospital.org
0288,Christy,Avery,Ophthalmology,5558905432,christy.avery@hospital.org
0289,Edmund,Sheppard,Cardiology,5559016543,edmund.sheppard@hospital.org
0290,Sylvia,Glass,Orthopedics,5550127654,sylvia.glass@hospital.org
0291,Dean,Jimenez,Neurology,5551238765,dean.jimenez@hospital.org
0292,Carla,Stephenson,Pediatrics,5552349876,carla.stephenson@hospital.org
0293,Wade,Hines,Oncology,5553450987,wade.hines@hospital.org
0294,Becky,Pennington,Dermatology,5554561098,becky.pennington@hospital.org
0295,Daryl,Potts,Cardiology,5555672109,daryl.potts@hospital.org
0296,Tamara,Petty,Gastroenterology,5556783210,tamara.petty@hospital.org
0297,Rickey,Bruce,Urology,5557894321,rickey.bruce@hospital.org
0298,Candice,Bullock,Neurology,5558905432,candice.bullock@hospital.org
0299,Clay,Webster,Endocrinology,5559016543,clay.webster@hospital.org
0300,Beth,Valentine,Psychiatry,5550127654,beth.valentine@hospital.org
0301,Allen,Dominguez,Rheumatology,5551238765,allen.dominguez@hospital.org
0302,Annette,Middleton,Pulmonology,5552349876,annette.middleton@hospital.org
0303,Spencer,Donovan,Nephrology,5553450987,spencer.donovan@hospital.org
0304,Patsy,Graves,Ophthalmology,5554561098,patsy.graves@hospital.org
0305,Jared,Brennan,Cardiology,5555672109,jared.brennan@hospital.org
0306,Cathy,Miranda,Orthopedics,5556783210,cathy.miranda@hospital.org
0307,Andy,Eaton,Neurology,5557894321,andy.eaton@hospital.org
0308,Alexandra,Mayer,Pediatrics,5558905432,alexandra.mayer@hospital.org
0309,Roman,Mclean,Oncology,5559016543,roman.mclean@hospital.org
0310,Gina,Garrison,Dermatology,5550127654,gina.garrison@hospital.org
0311,Shaun,Estrada,Cardiology,5551238765,shaun.estrada@hospital.org
0312,Tabitha,Tate,Gastroenterology,5552349876,tabitha.tate@hospital.org
0313,Lewis,Floyd,Urology,5553450987,lewis.floyd@hospital.org
0314,Gail,Landry,Neurology,5554561098,gail.landry@hospital.org
0315,Oliver,Pitts,Endocrinology,5555672109,oliver.pitts@hospital.org
0316,Brandi,Mccarty,Psychiatry,5556783210,brandi.mccarty@hospital.org
0317,Hubert,Stanton,Rheumatology,5557894321,hubert.stanton@hospital.org
0318,Anita,Greer,Pulmonology,5558905432,anita.greer@hospital.org
0319,Ben,Saunders,Nephrology,5559016543,ben.saunders@hospital.org
0320,Candace,Bradford,Ophthalmology,5550127654,candace.bradford@hospital.org
0321,Garrett,Boyer,Cardiology,5551238765,garrett.boyer@hospital.org
0322,Stacey,Jefferson,Orthopedics,5552349876,stacey.jefferson@hospital.org
0323,Bernard,Vaughn,Neurology,5553450987,bernard.vaughn@hospital.org
0324,Erica,Herman,Pediatrics,5554561098,erica.herman@hospital.org
0325,Marshall,Freeman,Oncology,5555672109,marshall.freeman@hospital.org
0326,Miranda,Reese,Dermatology,5556783210,miranda.reese@hospital.org
0327,Morris,Wolfe,Cardiology,5557894321,morris.wolfe@hospital.org
0328,Jenny,Ballard,Gastroenterology,5558905432,jenny.ballard@hospital.org
0329,Earnest,Mullen,Urology,5559016543,earnest.mullen@hospital.org
0330,Tammy,Bryan,Neurology,5550127654,tammy.bryan@hospital.org
0331,Ted,Holt,Endocrinology,5551238765,ted.holt@hospital.org
0332,Penny,Holloway,Psychiatry,5552349876,penny.holloway@hospital.org
0333,Marvin,Shelton,Rheumatology,5553450987,marvin.shelton@hospital.org
0334,Kelsey,Foley,Pulmonology,5554561098,kelsey.foley@hospital.org
0335,Terrance,Harrington,Nephrology,5555672109,terrance.harrington@hospital.org
0336,Lorraine,Velasquez,Ophthalmology,5556783210,lorraine.velasquez@hospital.org
0337,Cory,Fitzgerald,Cardiology,5557894321,cory.fitzgerald@hospital.org
0338,Leah,Whitney,Orthopedics,5558905432,leah.whitney@hospital.org
0339,Trevor,Randall,Neurology,5559016543,trevor.randall@hospital.org
0340,Billie,Hood,Pediatrics,5550127654,billie.hood@hospital.org
0341,Carlton,Steele,Oncology,5551238765,carlton.steele@hospital.org
0342,Sonya,Blanchard,Dermatology,5552349876,sonya.blanchard@hospital.org
0343,Santiago,Cisneros,Cardiology,5553450987,santiago.cisneros@hospital.org
0344,Kristi,Baldwin,Gastroenterology,5554561098,kristi.baldwin@hospital.org
0345,Jerald,Sexton,Urology,5555672109,jerald.sexton@hospital.org
0346,Irma,Crane,Neurology,5556783210,irma.crane@hospital.org
0347,Garry,Dalton,Endocrinology,5557894321,garry.dalton@hospital.org
0348,Hazel,Huffman,Psychiatry,5558905432,hazel.huffman@hospital.org
0349,Donnie,Weeks,Rheumatology,5559016543,donnie.weeks@hospital.org
0350,Elsa,Suarez,Pulmonology,5550127654,elsa.suarez@hospital.org
0351,Lucas,Case,Nephrology,5551238765,lucas.case@hospital.org
0352,Roxanne,Aguirre,Ophthalmology,5552349876,roxanne.aguirre@hospital.org
0353,Guy,Porter,Cardiology,5553450987,guy.porter@hospital.org
0354,Susie,Leblanc,Orthopedics,5554561098,susie.leblanc@hospital.org
0355,Willard,Vance,Neurology,5555672109,willard.vance@hospital.org
0356,Jacquelyn,Colon,Pediatrics,5556783210,jacquelyn.colon@hospital.org
0357,Omar,Mercer,Oncology,5557894321,omar.mercer@hospital.org
0358,Tracey,Riddle,Dermatology,5558905432,tracey.riddle@hospital.org
0359,Hector,Rocha,Cardiology,5559016543,hector.rocha@hospital.org
0360,Desiree,Munoz,Gastroenterology,5550127654,desiree.munoz@hospital.org
0361,Jimmie,Waller,Urology,5551238765,jimmie.waller@hospital.org
0362,Tasha,Warren,Neurology,5552349876,tasha.warren@hospital.org
0363,Rick,Barr,Endocrinology,5553450987,rick.barr@hospital.org
0364,Krista,Good,Psychiatry,5554561098,krista.good@hospital.org
0365,Darryl,England,Rheumatology,5555672109,darryl.england@hospital.org
0366,Elaine,Woodward,Pulmonology,5556783210,elaine.woodward@hospital.org
0367,Jay,Decker,Nephrology,5557894321,jay.decker@hospital.org
0368,Shelia,Beard,Ophthalmology,5558905432,shelia.beard@hospital.org
0369,Stuart,Kirk,Cardiology,5559016543,stuart.kirk@hospital.org
0370,Shawna,Galloway,Orthopedics,5550127654,shawna.galloway@hospital.org
0371,Sherman,Mcconnell,Neurology,5551238765,sherman.mcconnell@hospital.org
0372,Robyn,Glenn,Pediatrics,5552349876,robyn.glenn@hospital.org
0373,Kurt,Hurley,Oncology,5553450987,kurt.hurley@hospital.org
0374,Alicia,Cabrera,Dermatology,5554561098,alicia.cabrera@hospital.org
0375,Greg,Mullins,Cardiology,5555672109,greg.mullins@hospital.org
0376,Wanda,Ayala,Gastroenterology,5556783210,wanda.ayala@hospital.org
0377,Chester,Lester,Urology,5557894321,chester.lester@hospital.org
0378,Latoya,Solomon,Neurology,5558905432,latoya.solomon@hospital.org
0379,Noel,Moon,Endocrinology,5559016543,noel.moon@hospital.org
0380,Claudia,Ochoa,Psychiatry,5550127654,claudia.ochoa@hospital.org
0381,Emmett,Frost,Rheumatology,5551238765,emmett.frost@hospital.org
0382,Ruby,Arroyo,Pulmonology,5552349876,ruby.arroyo@hospital.org
0383,Monty,Knapp,Nephrology,5553450987,monty.knapp@hospital.org
0384,Miriam,Sampson,Ophthalmology,5554561098,miriam.sampson@hospital.org
0385,Clark,Bean,Cardiology,5555672109,clark.bean@hospital.org
0386,Leticia,Malone,Orthopedics,5556783210,leticia.malone@hospital.org
0387,Lloyd,Odom,Neurology,5557894321,lloyd.odom@hospital.org
0388,Toni,Mathews,Pediatrics,5558905432,toni.mathews@hospital.org
0389,Elbert,Watts,Oncology,5559016543,elbert.watts@hospital.org
0390,Marcy,Hoover,Dermatology,5550127654,marcy.hoover@hospital.org
0391,Cecil,Stafford,Cardiology,5551238765,cecil.stafford@hospital.org
0392,Louise,Whitaker,Gastroenterology,5552349876,louise.whitaker@hospital.org
0393,Milton,Holder,Urology,5553450987,milton.holder@hospital.org
0394,Brittany,Pugh,Neurology,5554561098,brittany.pugh@hospital.org
0395,Miles,Mcdonald,Endocrinology,5555672109,miles.mcdonald@hospital.org
0396,Lynda,Cowan,Psychiatry,5556783210,lynda.cowan@hospital.org
0397,Ernesto,Chandler,Rheumatology,5557894321,ernesto.chandler@hospital.org
0398,Constance,Faulkner,Pulmonology,5558905432,constance.faulkner@hospital.org
0399,Rene,Sloan,Nephrology,5559016543,rene.sloan@hospital.org
0400,Suzanne,Grimes,Ophthalmology,5550127654,suzanne.grimes@hospital.org
0401,Jackie,Mckinney,Cardiology,5551238765,jackie.mckinney@hospital.org
0402,Minnie,Dunn,Orthopedics,5552349876,minnie.dunn@hospital.org
0403,Ricky,Juarez,Neurology,5553450987,ricky.juarez@hospital.org
0404,Christie,Maddox,Pediatrics,5554561098,christie.maddox@hospital.org
0405,Donnie,Sweet,Oncology,5555672109,donnie.sweet@hospital.org
0406,Gwendolyn,Gallegos,Dermatology,5556783210,gwendolyn.gallegos@hospital.org
0407,Drew,Buck,Cardiology,5557894321,drew.buck@hospital.org
0408,Jodi,Cantrell,Gastroenterology,5558905432,jodi.cantrell@hospital.org
0409,Santos,Donaldson,Urology,5559016543,santos.donaldson@hospital.org
0410,Janie,Robles,Neurology,5550127654,janie.robles@hospital.org
0411,Dexter,Melendez,Endocrinology,5551238765,dexter.melendez@hospital.org
0412,Jana,Bowman,Psychiatry,5552349876,jana.bowman@hospital.org
0413,Pedro,Roberson,Rheumatology,5553450987,pedro.roberson@hospital.org
0414,Julia,Kaufman,Pulmonology,5554561098,julia.kaufman@hospital.org
0415,Rodolfo,Paul,Nephrology,5555672109,rodolfo.paul@hospital.org
0416,Rosemary,Hendricks,Ophthalmology,5556783210,rosemary.hendricks@hospital.org
0417,Arturo,Oconnor,Cardiology,5557894321,arturo.oconnor@hospital.org
0418,Adrienne,Deleon,Orthopedics,5558905432,adrienne.deleon@hospital.org
0419,Roosevelt,Beasley,Neurology,5559016543,roosevelt.beasley@hospital.org
0420,Shelby,Benjamin,Pediatrics,5550127654,shelby.benjamin@hospital.org
0421,Orlando,Charles,Oncology,5551238765,orlando.charles@hospital.org
0422,Wilma,Montoya,Dermatology,5552349876,wilma.montoya@hospital.org
0423,Scot,Velez,Cardiology,5553450987,scot.velez@hospital.org
0424,Alisha,Oneill,Gastroenterology,5554561098,alisha.oneill@hospital.org
0425,Bryan,Gillespie,Urology,5555672109,bryan.gillespie@hospital.org
0426,Essie,Ware,Neurology,5556783210,essie.ware@hospital.org
0427,Leroy,Cline,Endocrinology,5557894321,leroy.cline@hospital.org
0428,Ramona,Burt,Psychiatry,5558905432,ramona.burt@hospital.org
0429,Byron,Howe,Rheumatology,5559016543,byron.howe@hospital.org
0430,Jacqueline,Carlson,Pulmonology,5550127654,jacqueline.carlson@hospital.org
0431,Duane,Glass,Nephrology,5551238765,duane.glass@hospital.org
0432,Ida,Richard,Ophthalmology,5552349876,ida.richard@hospital.org
0433,Otto,Salazar,Cardiology,5553450987,otto.salazar@hospital.org
0434,Kara,Mcmahon,Orthopedics,5554561098,kara.mcmahon@hospital.org
0435,Lorenzo,Summers,Neurology,5555672109,lorenzo.summers@hospital.org
0436,Josephine,Dodson,Pediatrics,5556783210,josephine.dodson@hospital.org
0437,Otis,Mccoy,Oncology,5557894321,otis.mccoy@hospital.org
0438,Abigail,Church,Dermatology,5558905432,abigail.church@hospital.org
0439,Dave,Duffy,Cardiology,5559016543,dave.duffy@hospital.org
0440,Clara,Kaiser,Gastroenterology,5550127654,clara.kaiser@hospital.org
0441,Isaac,Pittman,Urology,5551238765,isaac.pittman@hospital.org
0442,Bobbie,Rosario,Neurology,5552349876,bobbie.rosario@hospital.org
0443,Forrest,Carey,Endocrinology,5553450987,forrest.carey@hospital.org
0444,Marion,Peck,Psychiatry,5554561098,marion.peck@hospital.org
0445,Lionel,Blackwell,Rheumatology,5555672109,lionel.blackwell@hospital.org
0446,Patty,Patton,Pulmonology,5556783210,patty.patton@hospital.org
0447,Wilbert,Raymond,Nephrology,5557894321,wilbert.raymond@hospital.org
0448,Alexis,Gould,Ophthalmology,5558905432,alexis.gould@hospital.org
0449,Gene,Moody,Cardiology,5559016543,gene.moody@hospital.org
0450,Naomi,Barrett,Orthopedics,5550127654,naomi.barrett@hospital.org
0451,Garland,Higgins,Neurology,5551238765,garland.higgins@hospital.org
0452,Kay,Cunningham,Pediatrics,5552349876,kay.cunningham@hospital.org
0453,Randolph,Johnston,Oncology,5553450987,randolph.johnston@hospital.org
0454,Dolores,Franco,Dermatology,5554561098,dolores.franco@hospital.org
0455,Blake,Morse,Cardiology,5555672109,blake.morse@hospital.org
0456,Irene,Bonilla,Gastroenterology,5556783210,irene.bonilla@hospital.org
0457,Leland,Soto,Urology,5557894321,leland.soto@hospital.org
0458,Viola,Lester,Neurology,5558905432,viola.lester@hospital.org
0459,Elliott,Salinas,Endocrinology,5559016543,elliott.salinas@hospital.org
0460,Lena,Valenzuela,Psychiatry,5550127654,lena.valenzuela@hospital.org
0461,Lonnie,Logan,Rheumatology,5551238765,lonnie.logan@hospital.org
0462,Bertha,Zamora,Pulmonology,5552349876,bertha.zamora@hospital.org
0463,Herbert,Hayden,Nephrology,5553450987,herbert.hayden@hospital.org
0464,Geraldine,Lowery,Ophthalmology,5554561098,geraldine.lowery@hospital.org
0465,Wendell,Mccullough,Cardiology,5555672109,wendell.mccullough@hospital.org
0466,Bernice,Durham,Orthopedics,5556783210,bernice.durham@hospital.org
0467,Simon,Marks,Neurology,5557894321,simon.marks@hospital.org
0468,Genevieve,Ali,Pediatrics,5558905432,genevieve.ali@hospital.org
0469,Salvatore,Padilla,Oncology,5559016543,salvatore.padilla@hospital.org
0470,Dianne,Nash,Dermatology,5550127654,dianne.nash@hospital.org
0471,Virgil,Dickson,Cardiology,5551238765,virgil.dickson@hospital.org
0472,Sylvia,Case,Gastroenterology,5552349876,sylvia.case@hospital.org
0473,Hugh,Wade,Urology,5553450987,hugh.wade@hospital.org
0474,Vicki,Orr,Neurology,5554561098,vicki.orr@hospital.org
0475,Rolando,Boyle,Endocrinology,5555672109,rolando.boyle@hospital.org
0476,Harriet,Mosley,Psychiatry,5556783210,harriet.mosley@hospital.org
0477,Ellis,Cohen,Rheumatology,5557894321,ellis.cohen@hospital.org
0478,Delia,Luna,Pulmonology,5558905432,delia.luna@hospital.org
0479,Woodrow,Schroeder,Nephrology,5559016543,woodrow.schroeder@hospital.org
0480,Paulette,Barrera,Ophthalmology,5550127654,paulette.barrera@hospital.org
0481,Ken,Anthony,Cardiology,5551238765,ken.anthony@hospital.org
0482,Elisa,Wall,Orthopedics,5552349876,elisa.wall@hospital.org
0483,Alex,Mcdowell,Neurology,5553450987,alex.mcdowell@hospital.org
0484,Chelsea,Parks,Pediatrics,5554561098,chelsea.parks@hospital.org
0485,Benny,Beard,Oncology,5555672109,benny.beard@hospital.org
0486,June,Rangel,Dermatology,5556783210,june.rangel@hospital.org
0487,Brock,Mcclure,Cardiology,5557894321,brock.mcclure@hospital.org
0488,Deanna,Merrill,Gastroenterology,5558905432,deanna.merrill@hospital.org
0489,Angelo,Frank,Urology,5559016543,angelo.frank@hospital.org
0490,Maryann,Castaneda,Neurology,5550127654,maryann.castaneda@hospital.org
0491,Freddie,Garner,Endocrinology,5551238765,freddie.garner@hospital.org
0492,Kimberly,Short,Psychiatry,5552349876,kimberly.short@hospital.org
0493,Willis,Vincent,Rheumatology,5553450987,willis.vincent@hospital.org
0494,Tameka,Mullins,Pulmonology,5554561098,tameka.mullins@hospital.org
0495,Ira,Cantu,Nephrology,5555672109,ira.cantu@hospital.org
0496,Kellie,Cherry,Ophthalmology,5556783210,kellie.cherry@hospital.org
0497,Dominick,Forbes,Cardiology,5557894321,dominick.forbes@hospital.org
0498,Sabrina,Chang,Orthopedics,5558905432,sabrina.chang@hospital.org
0499,Al,Townsend,Neurology,5559016543,al.townsend@hospital.org
0500,Ana,Dyer,Pediatrics,5550127654,ana.dyer@hospital.org